id;collection;type;name;description;price_net
1;essential no.1;something;prod1;super cool spoon;10.00
2;essential no.1;something;prod1;super cool forka;10.00
3;essential no.1;something;prod1;super cool brush;10.00
1;essential no.1;something;prod1;super cool spoon;10.00
2;essential no.1;something;prod1;super cool forka;10.00
3;essential no.1;something;prod1;super cool brush;10.00
1;essential no.1;something;prod1;super cool spoon;10.00
2;essential no.1;something;prod1;super cool forka;10.00
3;essential no.1;something;prod1;super cool brush;10.00
1;essential no.1;something;prod1;super cool spoon;10.00
2;essential no.1;something;prod1;super cool forka;10.00
3;essential no.1;something;prod1;super cool brush;10.00
1;essential no.1;something;prod1;super cool spoon;10.00
2;essential no.1;something;prod1;super cool forka;10.00
3;essential no.1;something;prod1;super cool brush;10.00
1;essential no.1;something;prod1;super cool spoon;10.00
2;essential no.1;something;prod1;super cool forka;10.00
3;essential no.1;something;prod1;super cool brush;10.00
1;essential no.1;something;prod1;super cool spoon;10.00
2;essential no.1;something;prod1;super cool forka;10.00
3;essential no.1;something;prod1;super cool brush;10.00
1;essential no.1;something;prod1;super cool spoon;10.00
2;essential no.1;something;prod1;super cool forka;10.00
3;essential no.1;something;prod1;super cool brush;10.00
1;essential no.1;something;prod1;super cool spoon;10.00
2;essential no.1;something;prod1;super cool forka;10.00
3;essential no.1;something;prod1;super cool brush;10.00
1;essential no.1;something;prod1;super cool spoon;10.00
2;essential no.1;something;prod1;super cool forka;10.00
3;essential no.1;something;prod1;super cool brush;10.00
1;essential no.1;something;prod1;super cool spoon;10.00
2;essential no.1;something;prod1;super cool forka;10.00
3;essential no.1;something;prod1;super cool brush;10.00
1;essential no.1;something;prod1;super cool spoon;10.00
2;essential no.1;something;prod1;super cool forka;10.00
3;essential no.1;something;prod1;super cool brush;10.00
1;essential no.1;something;prod1;super cool spoon;10.00
2;essential no.1;something;prod1;super cool forka;10.00
3;essential no.1;something;prod1;super cool brush;10.00
1;essential no.1;something;prod1;super cool spoon;10.00
2;essential no.1;something;prod1;super cool forka;10.00
3;essential no.1;something;prod1;super cool brush;10.00
1;essential no.1;something;prod1;super cool spoon;10.00
2;essential no.1;something;prod1;super cool forka;10.00
3;essential no.1;something;prod1;super cool brush;10.00
1;essential no.1;something;prod1;super cool spoon;10.00
2;essential no.1;something;prod1;super cool forka;10.00
3;essential no.1;something;prod1;super cool brush;10.00
1;essential no.1;something;prod1;super cool spoon;10.00
2;essential no.1;something;prod1;super cool forka;10.00
3;essential no.1;something;prod1;super cool brush;10.00
1;essential no.1;something;prod1;super cool spoon;10.00
2;essential no.1;something;prod1;super cool forka;10.00
3;essential no.1;something;prod1;super cool brush;10.00
1;essential no.1;something;prod1;super cool spoon;10.00
2;essential no.1;something;prod1;super cool forka;10.00
3;essential no.1;something;prod1;super cool brush;10.00
1;essential no.1;something;prod1;super cool spoon;10.00
2;essential no.1;something;prod1;super cool forka;10.00
3;essential no.1;something;prod1;super cool brush;10.00
1;essential no.1;something;prod1;super cool spoon;10.00
2;essential no.1;something;prod1;super cool forka;10.00
3;essential no.1;something;prod1;super cool brush;10.00
1;essential no.1;something;prod1;super cool spoon;10.00
2;essential no.1;something;prod1;super cool forka;10.00
3;essential no.1;something;prod1;super cool brush;10.00
1;essential no.1;something;prod1;super cool spoon;10.00
2;essential no.1;something;prod1;super cool forka;10.00
3;essential no.1;something;prod1;super cool brush;10.00
1;essential no.1;something;prod1;super cool spoon;10.00
2;essential no.1;something;prod1;super cool forka;10.00
3;essential no.1;something;prod1;super cool brush;10.00
1;essential no.1;something;prod1;super cool spoon;10.00
2;essential no.1;something;prod1;super cool forka;10.00
3;essential no.1;something;prod1;super cool brush;10.00
1;essential no.1;something;prod1;super cool spoon;10.00
2;essential no.1;something;prod1;super cool forka;10.00
3;essential no.1;something;prod1;super cool brush;10.00
1;essential no.1;something;prod1;super cool spoon;10.00
2;essential no.1;something;prod1;super cool forka;10.00
3;essential no.1;something;prod1;super cool brush;10.00
1;essential no.1;something;prod1;super cool spoon;10.00
2;essential no.1;something;prod1;super cool forka;10.00
3;essential no.1;something;prod1;super cool brush;10.00
1;essential no.1;something;prod1;super cool spoon;10.00
2;essential no.1;something;prod1;super cool forka;10.00
3;essential no.1;something;prod1;super cool brush;10.00
1;essential no.1;something;prod1;super cool spoon;10.00
2;essential no.1;something;prod1;super cool forka;10.00
3;essential no.1;something;prod1;super cool brush;10.00
1;essential no.1;something;prod1;super cool spoon;10.00
2;essential no.1;something;prod1;super cool forka;10.00
3;essential no.1;something;prod1;super cool brush;10.00
1;essential no.1;something;prod1;super cool spoon;10.00
2;essential no.1;something;prod1;super cool forka;10.00
3;essential no.1;something;prod1;super cool brush;10.00
1;essential no.1;something;prod1;super cool spoon;10.00
2;essential no.1;something;prod1;super cool forka;10.00
3;essential no.1;something;prod1;super cool brush;10.00
1;essential no.1;something;prod1;super cool spoon;10.00
2;essential no.1;something;prod1;super cool forka;10.00
3;essential no.1;something;prod1;super cool brush;10.00
1;essential no.1;something;prod1;super cool spoon;10.00
2;essential no.1;something;prod1;super cool forka;10.00
3;essential no.1;something;prod1;super cool brush;10.00
1;essential no.1;something;prod1;super cool spoon;10.00
2;essential no.1;something;prod1;super cool forka;10.00
3;essential no.1;something;prod1;super cool brush;10.00
1;essential no.1;something;prod1;super cool spoon;10.00
2;essential no.1;something;prod1;super cool forka;10.00
3;essential no.1;something;prod1;super cool brush;10.00
1;essential no.1;something;prod1;super cool spoon;10.00
2;essential no.1;something;prod1;super cool forka;10.00
3;essential no.1;something;prod1;super cool brush;10.00
1;essential no.1;something;prod1;super cool spoon;10.00
2;essential no.1;something;prod1;super cool forka;10.00
3;essential no.1;something;prod1;super cool brush;10.00
1;essential no.1;something;prod1;super cool spoon;10.00
2;essential no.1;something;prod1;super cool forka;10.00
3;essential no.1;something;prod1;super cool brush;10.00
1;essential no.1;something;prod1;super cool spoon;10.00
2;essential no.1;something;prod1;super cool forka;10.00
3;essential no.1;something;prod1;super cool brush;10.00
1;essential no.1;something;prod1;super cool spoon;10.00
2;essential no.1;something;prod1;super cool forka;10.00
3;essential no.1;something;prod1;super cool brush;10.00
1;essential no.1;something;prod1;super cool spoon;10.00
2;essential no.1;something;prod1;super cool forka;10.00
3;essential no.1;something;prod1;super cool brush;10.00
1;essential no.1;something;prod1;super cool spoon;10.00
2;essential no.1;something;prod1;super cool forka;10.00
3;essential no.1;something;prod1;super cool brush;10.00
1;essential no.1;something;prod1;super cool spoon;10.00
2;essential no.1;something;prod1;super cool forka;10.00
3;essential no.1;something;prod1;super cool brush;10.00
1;essential no.1;something;prod1;super cool spoon;10.00
2;essential no.1;something;prod1;super cool forka;10.00
3;essential no.1;something;prod1;super cool brush;10.00
1;essential no.1;something;prod1;super cool spoon;10.00
2;essential no.1;something;prod1;super cool forka;10.00
3;essential no.1;something;prod1;super cool brush;10.00
1;essential no.1;something;prod1;super cool spoon;10.00
2;essential no.1;something;prod1;super cool forka;10.00
3;essential no.1;something;prod1;super cool brush;10.00
1;essential no.1;something;prod1;super cool spoon;10.00
2;essential no.1;something;prod1;super cool forka;10.00
3;essential no.1;something;prod1;super cool brush;10.00
1;essential no.1;something;prod1;super cool spoon;10.00
2;essential no.1;something;prod1;super cool forka;10.00
3;essential no.1;something;prod1;super cool brush;10.00
1;essential no.1;something;prod1;super cool spoon;10.00
2;essential no.1;something;prod1;super cool forka;10.00
3;essential no.1;something;prod1;super cool brush;10.00
1;essential no.1;something;prod1;super cool spoon;10.00
2;essential no.1;something;prod1;super cool forka;10.00
3;essential no.1;something;prod1;super cool brush;10.00
1;essential no.1;something;prod1;super cool spoon;10.00
2;essential no.1;something;prod1;super cool forka;10.00
3;essential no.1;something;prod1;super cool brush;10.00
1;essential no.1;something;prod1;super cool spoon;10.00
2;essential no.1;something;prod1;super cool forka;10.00
3;essential no.1;something;prod1;super cool brush;10.00
1;essential no.1;something;prod1;super cool spoon;10.00
2;essential no.1;something;prod1;super cool forka;10.00
3;essential no.1;something;prod1;super cool brush;10.00
1;essential no.1;something;prod1;super cool spoon;10.00
2;essential no.1;something;prod1;super cool forka;10.00
3;essential no.1;something;prod1;super cool brush;10.00
1;essential no.1;something;prod1;super cool spoon;10.00
2;essential no.1;something;prod1;super cool forka;10.00
3;essential no.1;something;prod1;super cool brush;10.00
1;essential no.1;something;prod1;super cool spoon;10.00
2;essential no.1;something;prod1;super cool forka;10.00
3;essential no.1;something;prod1;super cool brush;10.00
1;essential no.1;something;prod1;super cool spoon;10.00
2;essential no.1;something;prod1;super cool forka;10.00
3;essential no.1;something;prod1;super cool brush;10.00
1;essential no.1;something;prod1;super cool spoon;10.00
2;essential no.1;something;prod1;super cool forka;10.00
3;essential no.1;something;prod1;super cool brush;10.00
1;essential no.1;something;prod1;super cool spoon;10.00
2;essential no.1;something;prod1;super cool forka;10.00
3;essential no.1;something;prod1;super cool brush;10.00
1;essential no.1;something;prod1;super cool spoon;10.00
2;essential no.1;something;prod1;super cool forka;10.00
3;essential no.1;something;prod1;super cool brush;10.00
1;essential no.1;something;prod1;super cool spoon;10.00
2;essential no.1;something;prod1;super cool forka;10.00
3;essential no.1;something;prod1;super cool brush;10.00
1;essential no.1;something;prod1;super cool spoon;10.00
2;essential no.1;something;prod1;super cool forka;10.00
3;essential no.1;something;prod1;super cool brush;10.00
1;essential no.1;something;prod1;super cool spoon;10.00
2;essential no.1;something;prod1;super cool forka;10.00
3;essential no.1;something;prod1;super cool brush;10.00
1;essential no.1;something;prod1;super cool spoon;10.00
2;essential no.1;something;prod1;super cool forka;10.00
3;essential no.1;something;prod1;super cool brush;10.00
1;essential no.1;something;prod1;super cool spoon;10.00
2;essential no.1;something;prod1;super cool forka;10.00
3;essential no.1;something;prod1;super cool brush;10.00
1;essential no.1;something;prod1;super cool spoon;10.00
2;essential no.1;something;prod1;super cool forka;10.00
3;essential no.1;something;prod1;super cool brush;10.00
1;essential no.1;something;prod1;super cool spoon;10.00
2;essential no.1;something;prod1;super cool forka;10.00
3;essential no.1;something;prod1;super cool brush;10.00
1;essential no.1;something;prod1;super cool spoon;10.00
2;essential no.1;something;prod1;super cool forka;10.00
3;essential no.1;something;prod1;super cool brush;10.00
1;essential no.1;something;prod1;super cool spoon;10.00
2;essential no.1;something;prod1;super cool forka;10.00
3;essential no.1;something;prod1;super cool brush;10.00
1;essential no.1;something;prod1;super cool spoon;10.00
2;essential no.1;something;prod1;super cool forka;10.00
3;essential no.1;something;prod1;super cool brush;10.00
1;essential no.1;something;prod1;super cool spoon;10.00
2;essential no.1;something;prod1;super cool forka;10.00
3;essential no.1;something;prod1;super cool brush;10.00
1;essential no.1;something;prod1;super cool spoon;10.00
2;essential no.1;something;prod1;super cool forka;10.00
3;essential no.1;something;prod1;super cool brush;10.00
1;essential no.1;something;prod1;super cool spoon;10.00
2;essential no.1;something;prod1;super cool forka;10.00
3;essential no.1;something;prod1;super cool brush;10.00
1;essential no.1;something;prod1;super cool spoon;10.00
2;essential no.1;something;prod1;super cool forka;10.00
3;essential no.1;something;prod1;super cool brush;10.00
1;essential no.1;something;prod1;super cool spoon;10.00
2;essential no.1;something;prod1;super cool forka;10.00
3;essential no.1;something;prod1;super cool brush;10.00
1;essential no.1;something;prod1;super cool spoon;10.00
2;essential no.1;something;prod1;super cool forka;10.00
3;essential no.1;something;prod1;super cool brush;10.00
1;essential no.1;something;prod1;super cool spoon;10.00
2;essential no.1;something;prod1;super cool forka;10.00
3;essential no.1;something;prod1;super cool brush;10.00
1;essential no.1;something;prod1;super cool spoon;10.00
2;essential no.1;something;prod1;super cool forka;10.00
3;essential no.1;something;prod1;super cool brush;10.00
1;essential no.1;something;prod1;super cool spoon;10.00
2;essential no.1;something;prod1;super cool forka;10.00
3;essential no.1;something;prod1;super cool brush;10.00
1;essential no.1;something;prod1;super cool spoon;10.00
2;essential no.1;something;prod1;super cool forka;10.00
3;essential no.1;something;prod1;super cool brush;10.00
1;essential no.1;something;prod1;super cool spoon;10.00
2;essential no.1;something;prod1;super cool forka;10.00
3;essential no.1;something;prod1;super cool brush;10.00
1;essential no.1;something;prod1;super cool spoon;10.00
2;essential no.1;something;prod1;super cool forka;10.00
3;essential no.1;something;prod1;super cool brush;10.00
1;essential no.1;something;prod1;super cool spoon;10.00
2;essential no.1;something;prod1;super cool forka;10.00
3;essential no.1;something;prod1;super cool brush;10.00
1;essential no.1;something;prod1;super cool spoon;10.00
2;essential no.1;something;prod1;super cool forka;10.00
3;essential no.1;something;prod1;super cool brush;10.00
1;essential no.1;something;prod1;super cool spoon;10.00
2;essential no.1;something;prod1;super cool forka;10.00
3;essential no.1;something;prod1;super cool brush;10.00
1;essential no.1;something;prod1;super cool spoon;10.00
2;essential no.1;something;prod1;super cool forka;10.00
3;essential no.1;something;prod1;super cool brush;10.00
1;essential no.1;something;prod1;super cool spoon;10.00
2;essential no.1;something;prod1;super cool forka;10.00
3;essential no.1;something;prod1;super cool brush;10.00
1;essential no.1;something;prod1;super cool spoon;10.00
2;essential no.1;something;prod1;super cool forka;10.00
3;essential no.1;something;prod1;super cool brush;10.00
1;essential no.1;something;prod1;super cool spoon;10.00
2;essential no.1;something;prod1;super cool forka;10.00
3;essential no.1;something;prod1;super cool brush;10.00
1;essential no.1;something;prod1;super cool spoon;10.00
2;essential no.1;something;prod1;super cool forka;10.00
3;essential no.1;something;prod1;super cool brush;10.00
1;essential no.1;something;prod1;super cool spoon;10.00
2;essential no.1;something;prod1;super cool forka;10.00
3;essential no.1;something;prod1;super cool brush;10.00
1;essential no.1;something;prod1;super cool spoon;10.00
2;essential no.1;something;prod1;super cool forka;10.00
3;essential no.1;something;prod1;super cool brush;10.00
1;essential no.1;something;prod1;super cool spoon;10.00
2;essential no.1;something;prod1;super cool forka;10.00
3;essential no.1;something;prod1;super cool brush;10.00
1;essential no.1;something;prod1;super cool spoon;10.00
2;essential no.1;something;prod1;super cool forka;10.00
3;essential no.1;something;prod1;super cool brush;10.00
1;essential no.1;something;prod1;super cool spoon;10.00
2;essential no.1;something;prod1;super cool forka;10.00
3;essential no.1;something;prod1;super cool brush;10.00
